{
  "version": "1.1.0",
  "diagrams": [
    {
      "ordinal": 0,
      "scrollPosition": {
        "x": 0,
        "y": 0
      },
      "nodes": [
        {
          "location": {
            "x": 1093.7670047700008,
            "y": 306.70799322926274
          },
          "nodeIndex": "Customer",
          "nodeLineageTag": "7062e9d5-d17d-45ea-8aff-f15af36431bd",
          "size": {
            "height": 300,
            "width": 234
          },
          "zIndex": 1
        },
        {
          "location": {
            "x": 133.28403766591691,
            "y": 26.234380974371703
          },
          "nodeIndex": "Product",
          "nodeLineageTag": "debfe75e-d634-4b2a-ac25-19bf886c6157",
          "size": {
            "height": 300,
            "width": 234
          },
          "zIndex": 2
        },
        {
          "location": {
            "x": 67.7084321882605,
            "y": 597.113690472268
          },
          "nodeIndex": "Product_Subcategories",
          "nodeLineageTag": "80528e98-e033-4309-97fe-80562e50a4a4",
          "size": {
            "height": 229.14285714285711,
            "width": 234
          },
          "zIndex": 3
        },
        {
          "location": {
            "x": 1260.9669729958878,
            "y": 10.629366000000012
          },
          "nodeIndex": "Returns_Data",
          "nodeLineageTag": "40a66394-512c-4bda-a3f6-62de2e725b81",
          "size": {
            "height": 243.31931800000012,
            "width": 234
          },
          "zIndex": 9
        },
        {
          "location": {
            "x": 522.89966999141723,
            "y": 259.22351411653261
          },
          "nodeIndex": "Sales Table",
          "nodeLineageTag": "1182f28f-6f27-47bc-940a-cf13f60d8dcc",
          "size": {
            "height": 272,
            "width": 234
          },
          "zIndex": 8
        },
        {
          "location": {
            "x": 801.7715485903035,
            "y": 572.56809656142627
          },
          "nodeIndex": "Territory",
          "nodeLineageTag": "7b57a886-fe35-42bd-968c-239fc33a0f74",
          "size": {
            "height": 176,
            "width": 234
          },
          "zIndex": 4
        },
        {
          "location": {
            "x": 1454.05567277922,
            "y": 342.20448421841786
          },
          "nodeIndex": "Measure Table",
          "size": {
            "height": 200,
            "width": 234
          },
          "zIndex": 5
        },
        {
          "location": {
            "x": 456.30740089802441,
            "y": 0
          },
          "nodeIndex": "Calendar",
          "nodeLineageTag": "a8091de0-1965-447c-a6e3-84e4124f2e76",
          "size": {
            "height": 104,
            "width": 234
          },
          "zIndex": 7
        },
        {
          "location": {
            "x": 877.0940120022093,
            "y": 16.1066645398731
          },
          "nodeIndex": "Factless Fact Table",
          "size": {
            "height": 104,
            "width": 234
          },
          "zIndex": 0
        }
      ],
      "name": "All tables",
      "zoomValue": 62.4348133643986,
      "pinKeyFieldsToTop": false,
      "showExtraHeaderInfo": false,
      "hideKeyFieldsWhenCollapsed": false,
      "tablesLocked": false
    }
  ],
  "selectedDiagram": "All tables",
  "defaultDiagram": "All tables"
}